{
    "scenario": "qwen3_2026-06-18_14-13-05",
    "safety": {
        "collision_rate": 0.0,
        "near_miss_rate": 0.0,
        "hard_braking_rate": 7.5
    },
    "driving_control": {
        "mean_lane_offset": 0.031046978214221116,
        "acceleration_std": 1.2646698582527252,
        "mean_acceleration": -0.125
    },
    "reasoning": {
        "action_validity_rate": 100.0,
        "hallucination_rate": 0.0,
        "consistency_failure_rate": null
    },
    "performance": {
        "distance": 874.9457423245221,
        "survival_time": 39.0,
        "average_speed": 22.450763782581404,
        "reward": 28.87198011597382
    },
    "human_like": {
        "decision_latency_ms": 46042.293365275196,
        "human_like_score": 0.8231555461641168
    }
}